{
	"character_picker" : 
	{
		"animation_dynamic" : 
		{
			"f" : 2.5,
			"r" : -0.5,
			"z" : 0.75
		},
		"animation_time" : 0.10000000000000001
	},
	"fps" : 60,
	"hide_statistic" : true,
	"keyBinding" : 
	{
		"moveDown" : 18,
		"moveLeft" : 0,
		"moveRight" : 3,
		"moveUp" : 22
	},
	"lane_probability" : 
	[
		[
			0.75,
			0.0625,
			0.0625,
			0.0625,
			0.0625
		],
		[
			0.11,
			0.5,
			0.17000000000000001,
			0.11,
			0.11
		],
		[
			0.20999999999999999,
			0.27000000000000002,
			0.10000000000000001,
			0.20999999999999999,
			0.20999999999999999
		],
		[
			0.14000000000000001,
			0.12,
			0.12,
			0.5,
			0.12,
			0.12
		],
		[
			0.19,
			0.159,
			0.159,
			0.159,
			0.33300000000000002
		]
	],
	"loading_bar" : 
	{
		"duration" : 0.5
	},
	"playground" : 
	{
		"bufferRange" : 9,
		"camera" : 
		{
			"acceleration" : 0.0050000000000000001,
			"dynamic" : 
			{
				"f" : 3,
				"r" : 0,
				"z" : 0.75
			},
			"initialScrollSpeed" : 80
		},
		"tileSize" : 75
	},
	"window" : 
	{
		"height" : 900,
		"title" : "Game",
		"width" : 1600
	}
}